Workbook

Sheet Avaliação pré registo
C1: AVALIAÇÃO PRÉ-REGISTO - Amostras Xylella | Z1: 45658
B2: Informação Cliente | N2: Conformidade amostras - Avaliação pré registo | Z2: 45765
A3: Data recepção amostras | B3: Data colheita | C3: Código_amostra (Código original / Referência amostra) | D3: Espécie indicada / Hospedeiro | E3: Tipo amostra Simples / Composta | F3: Id_Zona (Classificação de zona de origem) | G3: Responsável Amostragem (Zona colheita) | H3: Responsável colheita (Técnico responsável) | I3: Prep_Comments (Observações cliente) | J3: Código interno Lab | K3: Procedure | L3: Data requerido | M3: Código SLIM PXf25-xxxxx | N3: Validação código S/N | O3: Embalagem adequada S/N | P3: Embalagem íntegra S/N | Q3: Amostra adequada S/N | R3: Observações 1 (PréRg) | S3: Data | T3: Assinatura | Z3: 45767
A4: =WORKDAY(A4,1,Z1:Z5) -> 0 | Z4: 45772
Z5: 45778
Z6: 45818
Z7: 45827
Z8: 45884
Z9: 45935
Z10: 45962
Z11: 45992
Z12: 45999
Z13: 46016
Z14: 46023
Z15: 46070

Sheet Pré-processamento
B1: PRÉ-PROCESSAMENTO - Amostras Xylella
I2: Lesões ou queimaduras (Grau: 1- pouco; 2- médio; 3- elevado)
A3: Código SLIM PXf25-xxxxx | B3: Código interno Lab | C3: Espécie indicada / Hospedeiro | D3: Observações 1 (PréRg) | E3: ='Avaliação pré registo'!E3 -> Tipo amostra Simples / Composta | F3: Composta grande / pequena G /P | G3: Nº ramos | H3: Insectos visíveis S/N | I3: Lesões vísíveis S/N | J3: Dispersas | K3: Apicais | L3: Marginais | M3: Clorose | N3: Necrose | O3: Observações 2 (PréProc) | P3: Data | Q3: Assinatura
A4: ='Avaliação pré registo'!M4 -> 0 | B4: ='Avaliação pré registo'!J4 -> 0 | C4: ='Avaliação pré registo'!D4 -> 0 | D4: ='Avaliação pré registo'!R4 -> 0 | E4: ='Avaliação pré registo'!E4 -> 0 | F4: =IF($E4="simples","--","") | J4: =IF($I4="N","--","") | K4: =IF($I4="N","--","") | L4: =IF($I4="N","--","") | M4: =IF($I4="N","--","") | N4: =IF($I4="N","--","")
A5: ='Avaliação pré registo'!M5 -> 0 | B5: ='Avaliação pré registo'!J5 -> 0 | C5: ='Avaliação pré registo'!D5 -> 0 | D5: ='Avaliação pré registo'!R5 -> 0 | E5: ='Avaliação pré registo'!E5 -> 0 | F5: =IF($E5="simples","--","") | J5: =IF($I5="N","--","") | K5: =IF($I5="N","--","") | L5: =IF($I5="N","--","") | M5: =IF($I5="N","--","") | N5: =IF($I5="N","--","")
A6: ='Avaliação pré registo'!M6 -> 0 | B6: ='Avaliação pré registo'!J6 -> 0 | C6: ='Avaliação pré registo'!D6 -> 0 | D6: ='Avaliação pré registo'!R6 -> 0 | E6: ='Avaliação pré registo'!E6 -> 0 | F6: =IF($E6="simples","--","") | J6: =IF($I6="N","--","") | K6: =IF($I6="N","--","") | L6: =IF($I6="N","--","") | M6: =IF($I6="N","--","") | N6: =IF($I6="N","--","")
A7: ='Avaliação pré registo'!M7 -> 0 | B7: ='Avaliação pré registo'!J7 -> 0 | C7: ='Avaliação pré registo'!D7 -> 0 | D7: ='Avaliação pré registo'!R7 -> 0 | E7: ='Avaliação pré registo'!E7 -> 0 | F7: =IF($E7="simples","--","") | J7: =IF($I7="N","--","") | K7: =IF($I7="N","--","") | L7: =IF($I7="N","--","") | M7: =IF($I7="N","--","") | N7: =IF($I7="N","--","")
A8: ='Avaliação pré registo'!M8 -> 0 | B8: ='Avaliação pré registo'!J8 -> 0 | C8: ='Avaliação pré registo'!D8 -> 0 | D8: ='Avaliação pré registo'!R8 -> 0 | E8: ='Avaliação pré registo'!E8 -> 0 | F8: =IF($E8="simples","--","") | J8: =IF($I8="N","--","") | K8: =IF($I8="N","--","") | L8: =IF($I8="N","--","") | M8: =IF($I8="N","--","") | N8: =IF($I8="N","--","")
A9: ='Avaliação pré registo'!M9 -> 0 | B9: ='Avaliação pré registo'!J9 -> 0 | C9: ='Avaliação pré registo'!D9 -> 0 | D9: ='Avaliação pré registo'!R9 -> 0 | E9: ='Avaliação pré registo'!E9 -> 0 | F9: =IF($E9="simples","--","") | J9: =IF($I9="N","--","") | K9: =IF($I9="N","--","") | L9: =IF($I9="N","--","") | M9: =IF($I9="N","--","") | N9: =IF($I9="N","--","")
A10: ='Avaliação pré registo'!M10 -> 0 | B10: ='Avaliação pré registo'!J10 -> 0 | C10: ='Avaliação pré registo'!D10 -> 0 | D10: ='Avaliação pré registo'!R10 -> 0 | E10: ='Avaliação pré registo'!E10 -> 0 | F10: =IF($E10="simples","--","") | J10: =IF($I10="N","--","") | K10: =IF($I10="N","--","") | L10: =IF($I10="N","--","") | M10: =IF($I10="N","--","") | N10: =IF($I10="N","--","")
A11: ='Avaliação pré registo'!M11 -> 0 | B11: ='Avaliação pré registo'!J11 -> 0 | C11: ='Avaliação pré registo'!D11 -> 0 | D11: ='Avaliação pré registo'!R11 -> 0 | E11: ='Avaliação pré registo'!E11 -> 0 | F11: =IF($E11="simples","--","") | J11: =IF($I11="N","--","") | K11: =IF($I11="N","--","") | L11: =IF($I11="N","--","") | M11: =IF($I11="N","--","") | N11: =IF($I11="N","--","")
A12: ='Avaliação pré registo'!M12 -> 0 | B12: ='Avaliação pré registo'!J12 -> 0 | C12: ='Avaliação pré registo'!D12 -> 0 | D12: ='Avaliação pré registo'!R12 -> 0 | E12: ='Avaliação pré registo'!E12 -> 0 | F12: =IF($E12="simples","--","") | J12: =IF($I12="N","--","") | K12: =IF($I12="N","--","") | L12: =IF($I12="N","--","") | M12: =IF($I12="N","--","") | N12: =IF($I12="N","--","")
A13: ='Avaliação pré registo'!M13 -> 0 | B13: ='Avaliação pré registo'!J13 -> 0 | C13: ='Avaliação pré registo'!D13 -> 0 | D13: ='Avaliação pré registo'!R13 -> 0 | E13: ='Avaliação pré registo'!E13 -> 0 | F13: =IF($E13="simples","--","") | J13: =IF($I13="N","--","") | K13: =IF($I13="N","--","") | L13: =IF($I13="N","--","") | M13: =IF($I13="N","--","") | N13: =IF($I13="N","--","")
A14: ='Avaliação pré registo'!M14 -> 0 | B14: ='Avaliação pré registo'!J14 -> 0 | C14: ='Avaliação pré registo'!D14 -> 0 | D14: ='Avaliação pré registo'!R14 -> 0 | E14: ='Avaliação pré registo'!E14 -> 0 | F14: =IF($E14="simples","--","") | J14: =IF($I14="N","--","") | K14: =IF($I14="N","--","") | L14: =IF($I14="N","--","") | M14: =IF($I14="N","--","") | N14: =IF($I14="N","--","")
A15: ='Avaliação pré registo'!M15 -> 0 | B15: ='Avaliação pré registo'!J15 -> 0 | C15: ='Avaliação pré registo'!D15 -> 0 | D15: ='Avaliação pré registo'!R15 -> 0 | E15: ='Avaliação pré registo'!E15 -> 0 | F15: =IF($E15="simples","--","") | J15: =IF($I15="N","--","") | K15: =IF($I15="N","--","") | L15: =IF($I15="N","--","") | M15: =IF($I15="N","--","") | N15: =IF($I15="N","--","")
... A44: ='Avaliação pré registo'!M44 -> 0 | B44: ='Avaliação pré registo'!J44 -> 0 | C44: ='Avaliação pré registo'!D44 -> 0 | D44: ='Avaliação pré registo'!R44 -> 0 | E44: ='Avaliação pré registo'!E44 -> 0 | F44: =IF($E44="simples","--","") | J44: =IF($I44="N","--","") | K44: =IF($I44="N","--","") | L44: =IF($I44="N","--","") | M44: =IF($I44="N","--","") | N44: =IF($I44="N","--","")
A45: ='Avaliação pré registo'!M45 -> 0 | B45: ='Avaliação pré registo'!J45 -> 0 | C45: ='Avaliação pré registo'!D45 -> 0 | D45: ='Avaliação pré registo'!R44 -> 0 | E45: ='Avaliação pré registo'!E45 -> 0 | F45: =IF($E45="simples","--","") | J45: =IF($I45="N","--","") | K45: =IF($I45="N","--","") | L45: =IF($I45="N","--","") | M45: =IF($I45="N","--","") | N45: =IF($I45="N","--","")
A46: ='Avaliação pré registo'!M46 -> 0 | B46: ='Avaliação pré registo'!J46 -> 0 | C46: ='Avaliação pré registo'!D46 -> 0 | D46: ='Avaliação pré registo'!R45 -> 0 | E46: ='Avaliação pré registo'!E46 -> 0 | F46: =IF($E46="simples","--","") | J46: =IF($I46="N","--","") | K46: =IF($I46="N","--","") | L46: =IF($I46="N","--","") | M46: =IF($I46="N","--","") | N46: =IF($I46="N","--","")
A47: ='Avaliação pré registo'!M47 -> 0 | B47: ='Avaliação pré registo'!J47 -> 0 | C47: ='Avaliação pré registo'!D47 -> 0 | D47: ='Avaliação pré registo'!R47 -> 0 | E47: ='Avaliação pré registo'!E47 -> 0 | F47: =IF($E47="simples","--","") | J47: =IF($I47="N","--","") | K47: =IF($I47="N","--","") | L47: =IF($I47="N","--","") | M47: =IF($I47="N","--","") | N47: =IF($I47="N","--","")
A48: ='Avaliação pré registo'!M48 -> 0 | B48: ='Avaliação pré registo'!J48 -> 0 | C48: ='Avaliação pré registo'!D48 -> 0 | D48: ='Avaliação pré registo'!R48 -> 0 | E48: ='Avaliação pré registo'!E48 -> 0 | F48: =IF($E48="simples","--","") | J48: =IF($I48="N","--","") | K48: =IF($I48="N","--","") | L48: =IF($I48="N","--","") | M48: =IF($I48="N","--","") | N48: =IF($I48="N","--","")
A49: ='Avaliação pré registo'!M49 -> 0 | B49: ='Avaliação pré registo'!J49 -> 0 | C49: ='Avaliação pré registo'!D49 -> 0 | D49: ='Avaliação pré registo'!R49 -> 0 | E49: ='Avaliação pré registo'!E49 -> 0 | F49: =IF($E49="simples","--","") | J49: =IF($I49="N","--","") | K49: =IF($I49="N","--","") | L49: =IF($I49="N","--","") | M49: =IF($I49="N","--","") | N49: =IF($I49="N","--","")
A50: ='Avaliação pré registo'!M50 -> 0 | B50: ='Avaliação pré registo'!J50 -> 0 | C50: ='Avaliação pré registo'!D50 -> 0 | D50: ='Avaliação pré registo'!R50 -> 0 | E50: ='Avaliação pré registo'!E50 -> 0 | F50: =IF($E50="simples","--","") | J50: =IF($I50="N","--","") | K50: =IF($I50="N","--","") | L50: =IF($I50="N","--","") | M50: =IF($I50="N","--","") | N50: =IF($I50="N","--","")
A51: ='Avaliação pré registo'!M51 -> 0 | B51: ='Avaliação pré registo'!J51 -> 0 | C51: ='Avaliação pré registo'!D51 -> 0 | D51: ='Avaliação pré registo'!R51 -> 0 | E51: ='Avaliação pré registo'!E51 -> 0 | F51: =IF($E51="simples","--","") | J51: =IF($I51="N","--","") | K51: =IF($I51="N","--","") | L51: =IF($I51="N","--","") | M51: =IF($I51="N","--","") | N51: =IF($I51="N","--","")
A52: ='Avaliação pré registo'!M52 -> 0 | B52: ='Avaliação pré registo'!J52 -> 0 | C52: ='Avaliação pré registo'!D52 -> 0 | D52: ='Avaliação pré registo'!R52 -> 0 | E52: ='Avaliação pré registo'!E52 -> 0 | F52: =IF($E52="simples","--","") | J52: =IF($I52="N","--","") | K52: =IF($I52="N","--","") | L52: =IF($I52="N","--","") | M52: =IF($I52="N","--","") | N52: =IF($I52="N","--","")
A53: ='Avaliação pré registo'!M53 -> 0 | B53: ='Avaliação pré registo'!J53 -> 0 | C53: ='Avaliação pré registo'!D53 -> 0 | D53: ='Avaliação pré registo'!R53 -> 0 | E53: ='Avaliação pré registo'!E53 -> 0 | F53: =IF($E53="simples","--","") | J53: =IF($I53="N","--","") | K53: =IF($I53="N","--","") | L53: =IF($I53="N","--","") | M53: =IF($I53="N","--","") | N53: =IF($I53="N","--","")
A54: ='Avaliação pré registo'!M54 -> 0 | B54: ='Avaliação pré registo'!J54 -> 0 | C54: ='Avaliação pré registo'!D54 -> 0 | D54: ='Avaliação pré registo'!R54 -> 0 | E54: ='Avaliação pré registo'!E54 -> 0 | F54: =IF($E54="simples","--","") | J54: =IF($I54="N","--","") | K54: =IF($I54="N","--","") | L54: =IF($I54="N","--","") | M54: =IF($I54="N","--","") | N54: =IF($I54="N","--","")
A55: ='Avaliação pré registo'!M55 -> 0 | B55: ='Avaliação pré registo'!J55 -> 0 | C55: ='Avaliação pré registo'!D55 -> 0 | D55: ='Avaliação pré registo'!R55 -> 0 | E55: ='Avaliação pré registo'!E55 -> 0 | F55: =IF($E55="simples","--","") | J55: =IF($I55="N","--","") | K55: =IF($I55="N","--","") | L55: =IF($I55="N","--","") | M55: =IF($I55="N","--","") | N55: =IF($I55="N","--","")
A56: ='Avaliação pré registo'!M56 -> 0 | B56: ='Avaliação pré registo'!J56 -> 0 | C56: ='Avaliação pré registo'!D56 -> 0 | D56: ='Avaliação pré registo'!R56 -> 0 | E56: ='Avaliação pré registo'!E56 -> 0 | F56: =IF($E56="simples","--","") | J56: =IF($I56="N","--","") | K56: =IF($I56="N","--","") | L56: =IF($I56="N","--","") | M56: =IF($I56="N","--","") | N56: =IF($I56="N","--","")
A57: ='Avaliação pré registo'!M57 -> 0 | B57: ='Avaliação pré registo'!J57 -> 0 | C57: ='Avaliação pré registo'!D57 -> 0 | D57: ='Avaliação pré registo'!R57 -> 0 | E57: ='Avaliação pré registo'!E57 -> 0 | F57: =IF($E57="simples","--","") | J57: =IF($I57="N","--","") | K57: =IF($I57="N","--","") | L57: =IF($I57="N","--","") | M57: =IF($I57="N","--","") | N57: =IF($I57="N","--","")
A58: ='Avaliação pré registo'!M58 -> 0 | B58: ='Avaliação pré registo'!J58 -> 0 | C58: ='Avaliação pré registo'!D58 -> 0 | D58: ='Avaliação pré registo'!R58 -> 0 | E58: ='Avaliação pré registo'!E58 -> 0 | F58: =IF($E58="simples","--","") | J58: =IF($I58="N","--","") | K58: =IF($I58="N","--","") | L58: =IF($I58="N","--","") | M58: =IF($I58="N","--","") | N58: =IF($I58="N","--","")
... A6000: ='Avaliação pré registo'!M6000 -> 0 | B6000: ='Avaliação pré registo'!J6000 -> 0 | C6000: ='Avaliação pré registo'!D6000 -> 0 | D6000: ='Avaliação pré registo'!R6000 -> 0 | E6000: ='Avaliação pré registo'!E6000 -> 0 | F6000: =IF($E6000="simples","--","") | J6000: =IF($I6000="N","--","") | K6000: =IF($I6000="N","--","") | L6000: =IF($I6000="N","--","") | M6000: =IF($I6000="N","--","") | N6000: =IF($I6000="N","--","")

Sheet Processamento
D1: PROCESSAMENTO - Amostras Xylella
H2: Processamento amostras
A3: Código SLIM PXf25-xxxxx | B3: Código interno Lab | C3: Espécie indicada / Hospedeiro | D3: Observações 2 (PréProc) | E3: Amostra Simples / composta | F3: Composta grande / pequena G / P | G3: Nº ramos | H3: Material para extração DNA (g) | I3: Balança | J3: Material para testemunho (g) | K3: Balança | L3: Data | M3: Assinatura | N3: Observações 3 (Proc)
A4: ='Avaliação pré registo'!M4 -> 0 | B4: ='Avaliação pré registo'!J4 -> 0 | C4: ='Avaliação pré registo'!D4 -> 0 | D4: ='Pré-processamento'!O4 -> 0 | E4: ='Pré-processamento'!E4 -> 0 | F4: ='Pré-processamento'!F4 | G4: ='Pré-processamento'!G4 -> 0
A5: ='Avaliação pré registo'!M5 -> 0 | B5: ='Avaliação pré registo'!J5 -> 0 | C5: ='Avaliação pré registo'!D5 -> 0 | D5: ='Pré-processamento'!O5 -> 0 | E5: ='Pré-processamento'!E5 -> 0 | F5: ='Pré-processamento'!F5 | G5: ='Pré-processamento'!G5 -> 0
A6: ='Avaliação pré registo'!M6 -> 0 | B6: ='Avaliação pré registo'!J6 -> 0 | C6: ='Avaliação pré registo'!D6 -> 0 | D6: ='Pré-processamento'!O6 -> 0 | E6: ='Pré-processamento'!E6 -> 0 | F6: ='Pré-processamento'!F6 | G6: ='Pré-processamento'!G6 -> 0
A7: ='Avaliação pré registo'!M7 -> 0 | B7: ='Avaliação pré registo'!J7 -> 0 | C7: ='Avaliação pré registo'!D7 -> 0 | D7: ='Pré-processamento'!O7 -> 0 | E7: ='Pré-processamento'!E7 -> 0 | F7: ='Pré-processamento'!F7 | G7: ='Pré-processamento'!G7 -> 0
A8: ='Avaliação pré registo'!M8 -> 0 | B8: ='Avaliação pré registo'!J8 -> 0 | C8: ='Avaliação pré registo'!D8 -> 0 | D8: ='Pré-processamento'!O8 -> 0 | E8: ='Pré-processamento'!E8 -> 0 | F8: ='Pré-processamento'!F8 | G8: ='Pré-processamento'!G8 -> 0
A9: ='Avaliação pré registo'!M9 -> 0 | B9: ='Avaliação pré registo'!J9 -> 0 | C9: ='Avaliação pré registo'!D9 -> 0 | D9: ='Pré-processamento'!O9 -> 0 | E9: ='Pré-processamento'!E9 -> 0 | F9: ='Pré-processamento'!F9 | G9: ='Pré-processamento'!G9 -> 0
A10: ='Avaliação pré registo'!M10 -> 0 | B10: ='Avaliação pré registo'!J10 -> 0 | C10: ='Avaliação pré registo'!D10 -> 0 | D10: ='Pré-processamento'!O10 -> 0 | E10: ='Pré-processamento'!E10 -> 0 | F10: ='Pré-processamento'!F10 | G10: ='Pré-processamento'!G10 -> 0
A11: ='Avaliação pré registo'!M11 -> 0 | B11: ='Avaliação pré registo'!J11 -> 0 | C11: ='Avaliação pré registo'!D11 -> 0 | D11: ='Pré-processamento'!O11 -> 0 | E11: ='Pré-processamento'!E11 -> 0 | F11: ='Pré-processamento'!F11 | G11: ='Pré-processamento'!G11 -> 0
A12: ='Avaliação pré registo'!M12 -> 0 | B12: ='Avaliação pré registo'!J12 -> 0 | C12: ='Avaliação pré registo'!D12 -> 0 | D12: ='Pré-processamento'!O12 -> 0 | E12: ='Pré-processamento'!E12 -> 0 | F12: ='Pré-processamento'!F12 | G12: ='Pré-processamento'!G12 -> 0
A13: ='Avaliação pré registo'!M13 -> 0 | B13: ='Avaliação pré registo'!J13 -> 0 | C13: ='Avaliação pré registo'!D13 -> 0 | D13: ='Pré-processamento'!O13 -> 0 | E13: ='Pré-processamento'!E13 -> 0 | F13: ='Pré-processamento'!F13 | G13: ='Pré-processamento'!G13 -> 0
A14: ='Avaliação pré registo'!M14 -> 0 | B14: ='Avaliação pré registo'!J14 -> 0 | C14: ='Avaliação pré registo'!D14 -> 0 | D14: ='Pré-processamento'!O14 -> 0 | E14: ='Pré-processamento'!E14 -> 0 | F14: ='Pré-processamento'!F14 | G14: ='Pré-processamento'!G14 -> 0
A15: ='Avaliação pré registo'!M15 -> 0 | B15: ='Avaliação pré registo'!J15 -> 0 | C15: ='Avaliação pré registo'!D15 -> 0 | D15: ='Pré-processamento'!O15 -> 0 | E15: ='Pré-processamento'!E15 -> 0 | F15: ='Pré-processamento'!F15 | G15: ='Pré-processamento'!G15 -> 0
... A6000: ='Avaliação pré registo'!M6000 -> 0 | B6000: ='Avaliação pré registo'!J6000 -> 0 | C6000: ='Avaliação pré registo'!D6000 -> 0 | D6000: ='Pré-processamento'!O6000 -> 0 | E6000: ='Pré-processamento'!E6000 -> 0 | F6000: ='Pré-processamento'!F6000 | G6000: ='Pré-processamento'!G6000 -> 0

Sheet Anotações
